{
  "author": {
    "name": "https://github.com/angular-ui/bootstrap/graphs/contributors"
  },
  "name": "angular-bootstrap",
  "keywords": [
    "angular",
    "angular-ui",
    "bootstrap"
  ],
  "license": "MIT",
  "ignore": [],
  "description": "Native AngularJS (Angular) directives for Bootstrap.",
  "version": "1.0.0",
  "main": [
    "./ui-bootstrap-tpls.js"
  ],
  "dependencies": {
    "angular": ">=1.3.0"
  },
  "homepage": "https://github.com/angular-ui/bootstrap-bower",
  "_release": "1.0.0",
  "_resolution": {
    "type": "version",
    "tag": "1.0.0",
    "commit": "88be46644d44a250ce945fa8feadf6363ef46874"
  },
  "_source": "https://github.com/angular-ui/bootstrap-bower.git",
  "_target": "1.0.0",
  "_originalSource": "angular-bootstrap"
}