{
  "name": "angular-object-table",
  "version": "0.2.2",
  "authors": [
    "Evgeny Kokotov<yauheni@yauheni.com>"
  ],
  "description": "angular smart table data grid",
  "main": [
    "build/object-table.js",
    "build/object-table-style.css"
  ],
  "keywords": [
    "angular",
    "table",
    "data-grid",
    "datagrid",
    "object-table",
    "angular-object-table",
    "json-table",
    "angular json table"
  ],
  "license": "MIT",
  "homepage": "index.html",
  "ignore": [
    "**/.*",
    "node_modules",
    "bower_components",
    "test",
    "tests"
  ],
  "dependencies": {
    "angular": "~1.3.15"
  },
  "_release": "0.2.2",
  "_resolution": {
    "type": "version",
    "tag": "0.2.2",
    "commit": "1d5075e7473db1f167e9ca73881e6126f92c9f3e"
  },
  "_source": "https://github.com/ekokotov/object-table.git",
  "_target": "^0.2.2",
  "_originalSource": "angular-object-table"
}