{
  "name": "angular-animate",
  "version": "1.4.14",
  "license": "MIT",
  "main": "./angular-animate.js",
  "ignore": [],
  "dependencies": {
    "angular": "1.4.14"
  },
  "homepage": "https://github.com/angular/bower-angular-animate",
  "_release": "1.4.14",
  "_resolution": {
    "type": "version",
    "tag": "v1.4.14",
    "commit": "e7f778fc054a086ba3326d898a00fa1bc78650a8"
  },
  "_source": "https://github.com/angular/bower-angular-animate.git",
  "_target": "~1.4.0",
  "_originalSource": "angular-animate"
}